{
  "name": "jquery",
  "main": "dist/jquery.js",
  "license": "MIT",
  "ignore": [
    "package.json"
  ],
  "keywords": [
    "jquery",
    "javascript",
    "browser",
    "library"
  ],
  "homepage": "https://github.com/jquery/jquery-dist",
  "version": "2.2.1",
  "_release": "2.2.1",
  "_resolution": {
    "type": "version",
    "tag": "2.2.1",
    "commit": "788eaba2f83e7b7445c7a83a50c81c0704423874"
  },
  "_source": "git://github.com/jquery/jquery-dist.git",
  "_target": "2.2.1",
  "_originalSource": "jquery"
}